id_fait,annee,code_departement,id_indicateur,nombre_faits,taux_pour_mille,population,nombre_logements
2,2016,01,4,5,0.008,638425,308491
3,2016,02,4,10,0.019,536136,264180
4,2016,03,4,4,0.012,339384,206980
5,2016,04,4,2,0.012,162565,126760
6,2016,05,4,0,0.000,141107,134647
7,2016,06,4,97,0.090,1083704,761857
8,2016,07,4,5,0.015,325157,201264
9,2016,08,4,5,0.018,275371,142010
10,2016,09,4,1,0.007,153067,108589
11,2016,10,4,6,0.019,308910,163064
12,2016,11,4,2,0.005,368025,258453
13,2016,12,4,1,0.004,278697,179901
14,2016,13,4,44,0.022,2019717,1009576
15,2016,14,4,4,0.006,693679,412038
16,2016,15,4,2,0.014,145969,101070
17,2016,16,4,5,0.014,353288,196145
18,2016,17,4,8,0.012,642191,427696
19,2016,18,4,4,0.013,307110,177873
20,2016,19,4,1,0.004,241535,153380
21,2016,21,4,6,0.011,533213,285326
22,2016,22,4,8,0.013,598953,363788
23,2016,23,4,3,0.025,119502,88330
24,2016,24,4,2,0.005,414789,256942
25,2016,25,4,3,0.006,538549,277578
26,2016,26,4,6,0.012,508006,269062
27,2016,27,4,5,0.008,602825,292969
28,2016,28,4,6,0.014,433929,213849
29,2016,29,4,5,0.006,908249,537671
30,2016,2A,4,7,0.045,154303,116432
31,2016,2B,4,7,0.040,176152,129422
32,2016,30,4,10,0.013,742006,419029
33,2016,31,4,16,0.012,1348183,703754
34,2016,32,4,2,0.010,190664,109392
35,2016,33,4,12,0.008,1566679,843050
36,2016,34,4,18,0.016,1132481,707572
37,2016,35,4,5,0.005,1051779,538258
38,2016,36,4,0,0.000,223505,138229
39,2016,37,4,5,0.008,606223,318933
40,2016,38,4,8,0.006,1252912,639743
41,2016,39,4,2,0.008,260517,148337
42,2016,40,4,5,0.012,405010,252298
43,2016,41,4,6,0.018,332769,182821
44,2016,42,4,15,0.020,761997,394202
45,2016,43,4,0,0.000,227339,142111
46,2016,44,4,12,0.009,1380852,729714
47,2016,45,4,7,0.010,674330,341549
48,2016,46,4,1,0.006,173347,117328
49,2016,47,4,4,0.012,332833,184194
50,2016,48,4,0,0.000,76422,60395
51,2016,49,4,5,0.006,810934,391283
52,2016,50,4,4,0.008,498362,295248
53,2016,51,4,6,0.011,570883,292095
54,2016,52,4,1,0.006,178084,100722
55,2016,53,4,2,0.007,307688,155625
56,2016,54,4,14,0.019,733821,373165
57,2016,55,4,1,0.005,189055,99550
58,2016,56,4,3,0.004,747548,459455
59,2016,57,4,13,0.012,1045271,510597
60,2016,58,4,1,0.005,209161,141593
61,2016,59,4,30,0.012,2603723,1205062
62,2016,60,4,10,0.012,823542,369320
63,2016,61,4,4,0.014,285308,164640
64,2016,62,4,19,0.013,1470725,708207
65,2016,63,4,7,0.011,650700,382695
66,2016,64,4,11,0.016,673986,400053
67,2016,65,4,1,0.004,227829,160809
68,2016,66,4,9,0.019,474369,346847
69,2016,67,4,14,0.012,1121407,546387
70,2016,68,4,7,0.009,762743,373686
71,2016,69,4,23,0.013,1835903,904462
72,2016,70,4,3,0.013,237242,126631
73,2016,71,4,4,0.007,555023,309191
74,2016,72,4,7,0.012,567561,289447
75,2016,73,4,2,0.005,429681,341648
76,2016,74,4,10,0.012,801416,500698
77,2016,75,4,31,0.014,2190327,1374377
78,2016,76,4,17,0.014,1255755,634421
79,2016,77,4,7,0.005,1397665,604627
80,2016,78,4,8,0.006,1431808,629383
81,2016,79,4,6,0.016,374743,192620
82,2016,80,4,3,0.005,572744,297094
83,2016,81,4,2,0.005,386448,209380
84,2016,82,4,3,0.012,256897,130059
85,2016,83,4,14,0.013,1055821,707520
86,2016,84,4,5,0.009,559014,298637
87,2016,85,4,3,0.004,670597,417192
88,2016,86,4,7,0.016,436069,237993
89,2016,87,4,2,0.005,374978,219170
90,2016,88,4,3,0.008,369641,212925
91,2016,89,4,2,0.006,340544,195822
92,2016,90,4,2,0.014,144089,71929
93,2016,91,4,20,0.016,1287330,550895
94,2016,92,4,5,0.003,1603268,789809
95,2016,93,4,29,0.018,1606660,662466
96,2016,94,4,14,0.010,1378151,626297
97,2016,95,4,10,0.008,1221923,497749
98,2017,01,4,7,0.011,643350,313061
99,2017,02,4,11,0.021,534490,265548
100,2017,03,4,6,0.018,337988,207725
101,2017,04,4,2,0.012,163915,127940
102,2017,05,4,0,0.000,141284,135493
103,2017,06,4,16,0.015,1083310,766748
104,2017,07,4,1,0.003,325712,203015
105,2017,08,4,1,0.004,273579,142452
106,2017,09,4,1,0.007,153153,109392
107,2017,10,4,5,0.016,310020,164453
108,2017,11,4,7,0.019,370260,261180
109,2017,12,4,1,0.004,279206,181053
110,2017,13,4,57,0.028,2024162,1021226
111,2017,14,4,6,0.009,694002,416115
112,2017,15,4,0,0.000,145143,101363
113,2017,16,4,4,0.011,352335,197059
114,2017,17,4,6,0.009,644303,431948
115,2017,18,4,2,0.007,304256,178580
116,2017,19,4,0,0.000,241464,154124
117,2017,21,4,3,0.006,533819,287831
118,2017,22,4,6,0.010,598814,366683
119,2017,23,4,2,0.017,118638,88506
120,2017,24,4,4,0.010,413606,258732
121,2017,25,4,12,0.022,539067,279578
122,2017,26,4,7,0.014,511553,272494
123,2017,27,4,5,0.008,601843,295109
124,2017,28,4,7,0.016,433233,215350
125,2017,29,4,8,0.009,909028,542677
126,2017,2A,4,3,0.019,157249,118848
127,2017,2B,4,14,0.079,177689,130820
128,2017,30,4,11,0.015,744178,423840
129,2017,31,4,12,0.009,1362672,715532
130,2017,32,4,1,0.005,191091,110358
131,2017,33,4,18,0.011,1583384,856616
132,2017,34,4,15,0.013,1144892,718743
133,2017,35,4,5,0.005,1060199,546440
134,2017,36,4,1,0.004,222232,138634
135,2017,37,4,7,0.012,606511,321881
136,2017,38,4,16,0.013,1258722,646707
137,2017,39,4,0,0.000,260188,149350
138,2017,40,4,2,0.005,407444,255992
139,2017,41,4,3,0.009,331915,183643
140,2017,42,4,4,0.005,762941,396655
141,2017,43,4,2,0.009,227283,142989
142,2017,44,4,10,0.007,1394909,740924
143,2017,45,4,5,0.007,678105,344708
144,2017,46,4,2,0.012,173828,118075
145,2017,47,4,11,0.033,332842,185343
146,2017,48,4,1,0.013,76601,60898
147,2017,49,4,16,0.020,813493,394578
148,2017,50,4,4,0.008,496883,297133
149,2017,51,4,6,0.011,568895,294041
150,2017,52,4,0,0.000,175640,100650
151,2017,53,4,3,0.010,307445,156662
152,2017,54,4,7,0.010,733481,375755
153,2017,55,4,2,0.011,187187,99736
154,2017,56,4,10,0.013,750863,464186
155,2017,57,4,17,0.016,1043522,514328
156,2017,58,4,2,0.010,207182,141642
157,2017,59,4,30,0.012,2604361,1214497
158,2017,60,4,11,0.013,824503,372778
159,2017,61,4,1,0.004,283372,164926
160,2017,62,4,15,0.010,1468018,713245
161,2017,63,4,5,0.008,653742,386425
162,2017,64,4,7,0.010,677309,404979
163,2017,65,4,0,0.000,228530,161703
164,2017,66,4,7,0.015,474452,349914
165,2017,67,4,4,0.004,1125559,554075
166,2017,68,4,5,0.007,764030,376960
167,2017,69,4,20,0.011,1843319,914980
168,2017,70,4,3,0.013,236659,127615
169,2017,71,4,3,0.005,553595,310391
170,2017,72,4,5,0.009,566506,291039
171,2017,73,4,8,0.019,431174,345226
172,2017,74,4,12,0.015,807360,508229
173,2017,75,4,32,0.015,2187526,1382779
174,2017,76,4,11,0.009,1254378,640334
175,2017,77,4,18,0.013,1403997,612076
176,2017,78,4,11,0.008,1438266,637200
177,2017,79,4,5,0.013,374351,193971
178,2017,80,4,7,0.012,572443,299211
179,2017,81,4,3,0.008,387890,211038
180,2017,82,4,3,0.012,258349,131300
181,2017,83,4,25,0.024,1058740,714503
182,2017,84,4,13,0.023,559479,301947
183,2017,85,4,3,0.004,675247,421680
184,2017,86,4,3,0.007,436876,240200
185,2017,87,4,1,0.003,374426,219980
186,2017,88,4,2,0.005,367673,213629
187,2017,89,4,6,0.018,338291,196697
188,2017,90,4,1,0.007,142622,72211
189,2017,91,4,13,0.010,1296130,558684
190,2017,92,4,10,0.006,1609306,796181
191,2017,93,4,26,0.016,1623111,671680
192,2017,94,4,15,0.011,1387926,633207
193,2017,95,4,7,0.006,1228618,504100
194,2018,01,4,7,0.011,647634,317983
195,2018,02,4,9,0.017,533316,266641
196,2018,03,4,3,0.009,337171,208375
197,2018,04,4,1,0.006,164068,129062
198,2018,05,4,2,0.014,140698,136581
199,2018,06,4,20,0.018,1086219,772317
200,2018,07,4,2,0.006,326606,204906
201,2018,08,4,2,0.007,271845,143015
202,2018,09,4,1,0.007,153066,110222
203,2018,10,4,3,0.010,310020,165502
204,2018,11,4,13,0.035,372806,263889
205,2018,12,4,2,0.007,279274,182028
206,2018,13,4,74,0.036,2034357,1034043
207,2018,14,4,2,0.003,694056,419714
208,2018,15,4,3,0.021,144765,101693
209,2018,16,4,3,0.009,351778,198242
210,2018,17,4,9,0.014,646932,436869
211,2018,18,4,1,0.003,303408,179125
212,2018,19,4,1,0.004,240583,154657
213,2018,21,4,6,0.011,533220,290523
214,2018,22,4,6,0.010,599584,369601
215,2018,23,4,1,0.009,117503,88728
216,2018,24,4,7,0.017,413418,260245
217,2018,25,4,6,0.011,541454,282056
218,2018,26,4,17,0.033,514732,275727
219,2018,27,4,3,0.005,599962,297286
220,2018,28,4,3,0.007,431997,216684
221,2018,29,4,10,0.011,911735,545808
222,2018,2A,4,5,0.032,157853,120567
223,2018,2B,4,5,0.028,180701,132077
224,2018,30,4,12,0.016,745458,428087
225,2018,31,4,13,0.009,1380672,728249
226,2018,32,4,3,0.016,191283,111171
227,2018,33,4,21,0.013,1601845,872327
228,2018,34,4,15,0.013,1159220,729653
229,2018,35,4,5,0.005,1069228,554254
230,2018,36,4,1,0.005,220595,138879
231,2018,37,4,5,0.008,607760,325172
232,2018,38,4,8,0.006,1263563,653289
233,2018,39,4,3,0.012,259746,150169
234,2018,40,4,0,0.000,410355,259512
235,2018,41,4,4,0.012,330248,184614
236,2018,42,4,2,0.003,763441,399134
237,2018,43,4,5,0.022,227552,143699
238,2018,44,4,20,0.014,1412502,752968
239,2018,45,4,6,0.009,678845,347107
240,2018,46,4,0,0.000,173929,118998
241,2018,47,4,3,0.009,331970,186511
242,2018,48,4,0,0.000,76520,61340
243,2018,49,4,6,0.007,815883,397887
244,2018,50,4,3,0.006,495983,298631
245,2018,51,4,4,0.007,567462,295611
246,2018,52,4,1,0.006,174069,100617
247,2018,53,4,4,0.013,307084,157552
248,2018,54,4,9,0.012,733469,378055
249,2018,55,4,1,0.005,185355,99893
250,2018,56,4,3,0.004,754867,468872
251,2018,57,4,12,0.011,1043524,518772
252,2018,58,4,3,0.015,205828,141623
253,2018,59,4,40,0.015,2606234,1224589
254,2018,60,4,8,0.010,827153,376185
255,2018,61,4,2,0.007,281593,165463
256,2018,62,4,23,0.016,1466743,717901
257,2018,63,4,5,0.008,659048,389711
258,2018,64,4,7,0.010,679810,409790
259,2018,65,4,3,0.013,229191,162729
260,2018,66,4,9,0.019,476357,352742
261,2018,67,4,10,0.009,1133552,561562
262,2018,68,4,9,0.012,764981,380238
263,2018,69,4,19,0.010,1859524,926576
264,2018,70,4,1,0.004,236018,128333
265,2018,71,4,5,0.009,552185,311499
266,2018,72,4,5,0.009,565963,292628
267,2018,73,4,8,0.018,433724,349226
268,2018,74,4,3,0.004,816699,517217
269,2018,75,4,34,0.016,2175601,1386846
270,2018,76,4,15,0.012,1255883,645786
271,2018,77,4,6,0.004,1412516,619784
272,2018,78,4,12,0.008,1441398,643946
273,2018,79,4,2,0.005,374799,195051
274,2018,80,4,10,0.018,570662,301740
275,2018,81,4,3,0.008,388596,212905
276,2018,82,4,1,0.004,259124,132603
277,2018,83,4,22,0.021,1067697,722128
278,2018,84,4,8,0.014,559793,305436
279,2018,85,4,3,0.004,679991,426426
280,2018,86,4,4,0.009,437586,241951
281,2018,87,4,2,0.005,373199,220762
282,2018,88,4,1,0.003,366112,214363
283,2018,89,4,6,0.018,337504,197683
284,2018,90,4,1,0.007,141852,72929
285,2018,91,4,12,0.009,1296641,564587
286,2018,92,4,18,0.011,1619120,801737
287,2018,93,4,26,0.016,1632677,679663
288,2018,94,4,10,0.007,1396913,640016
289,2018,95,4,10,0.008,1238581,510302
290,2019,01,4,4,0.006,652432,321432
291,2019,02,4,5,0.009,531345,266922
292,2019,03,4,3,0.009,335975,208863
293,2019,04,4,0,0.000,164308,129690
294,2019,05,4,2,0.014,141220,137644
295,2019,06,4,9,0.008,1094283,778291
296,2019,07,4,4,0.012,328278,206435
297,2019,08,4,2,0.007,270582,142983
298,2019,09,4,4,0.026,153287,110526
299,2019,10,4,4,0.013,310242,166101
300,2019,11,4,5,0.013,374070,265167
301,2019,12,4,4,0.014,279595,182769
302,2019,13,4,60,0.029,2043110,1044973
303,2019,14,4,11,0.016,694905,422082
304,2019,15,4,2,0.014,144692,101953
305,2019,16,4,4,0.011,352015,198920
306,2019,17,4,8,0.012,651358,440935
307,2019,18,4,3,0.010,302306,179430
308,2019,19,4,3,0.012,240073,155041
309,2019,21,4,5,0.009,534124,292479
310,2019,22,4,2,0.003,600582,371643
311,2019,23,4,0,0.000,116617,88646
312,2019,24,4,8,0.019,413223,261104
313,2019,25,4,3,0.006,543974,283778
314,2019,26,4,9,0.017,516762,277777
315,2019,27,4,9,0.015,599507,298148
316,2019,28,4,2,0.005,431575,217440
317,2019,29,4,9,0.010,915090,549039
318,2019,2A,4,5,0.032,158507,122005
319,2019,2B,4,4,0.022,181933,133540
320,2019,30,4,7,0.009,748437,431684
321,2019,31,4,21,0.015,1400039,740546
322,2019,32,4,1,0.005,191377,111536
323,2019,33,4,15,0.009,1623749,886986
324,2019,34,4,14,0.012,1175623,739737
325,2019,35,4,8,0.007,1079498,561343
326,2019,36,4,1,0.005,219316,138826
327,2019,37,4,6,0.010,610079,328095
328,2019,38,4,18,0.014,1271166,659031
329,2019,39,4,1,0.004,259199,150475
330,2019,40,4,4,0.010,413690,262370
331,2019,41,4,0,0.000,329470,185077
332,2019,42,4,6,0.008,765634,401112
333,2019,43,4,0,0.000,227570,143916
334,2019,44,4,10,0.007,1429272,764010
335,2019,45,4,15,0.022,680434,348977
336,2019,46,4,0,0.000,174094,119499
337,2019,47,4,3,0.009,331271,187058
338,2019,48,4,0,0.000,76604,61547
339,2019,49,4,8,0.010,818273,400508
340,2019,50,4,4,0.008,495045,299656
341,2019,51,4,8,0.014,566855,297288
342,2019,52,4,2,0.012,172512,100382
343,2019,53,4,4,0.013,307062,158083
344,2019,54,4,4,0.005,733760,379680
345,2019,55,4,3,0.016,184083,99834
346,2019,56,4,8,0.011,759684,472749
347,2019,57,4,17,0.016,1046543,523268
348,2019,58,4,1,0.005,204452,141411
349,2019,59,4,33,0.013,2608346,1232504
350,2019,60,4,9,0.011,829419,378048
351,2019,61,4,2,0.007,279942,165100
352,2019,62,4,19,0.013,1465278,720800
353,2019,63,4,8,0.012,662152,392038
354,2019,64,4,8,0.012,682621,413357
355,2019,65,4,2,0.009,229567,163634
356,2019,66,4,8,0.017,479979,355661
357,2019,67,4,12,0.011,1140057,567991
358,2019,68,4,9,0.012,767086,382805
359,2019,69,4,21,0.011,1875747,937544
360,2019,70,4,2,0.008,235313,128450
361,2019,71,4,10,0.018,551493,311966
362,2019,72,4,7,0.012,566412,293561
363,2019,73,4,8,0.018,436434,352254
364,2019,74,4,7,0.008,826094,525404
365,2019,75,4,41,0.019,2165423,1389375
366,2019,76,4,11,0.009,1255633,649681
367,2019,77,4,12,0.008,1421197,626435
368,2019,78,4,14,0.010,1448207,649383
369,2019,79,4,2,0.005,374878,195568
370,2019,80,4,8,0.014,570559,303449
371,2019,81,4,5,0.013,389844,214423
372,2019,82,4,4,0.015,260669,133522
373,2019,83,4,22,0.020,1076711,729223
374,2019,84,4,8,0.014,561469,308505
375,2019,85,4,5,0.007,685442,430815
376,2019,86,4,5,0.011,438435,242907
377,2019,87,4,4,0.011,372359,221194
378,2019,88,4,6,0.016,364499,214287
379,2019,89,4,3,0.009,335707,197718
380,2019,90,4,1,0.007,141318,73180
381,2019,91,4,11,0.008,1301659,570417
382,2019,92,4,16,0.010,1624357,807711
383,2019,93,4,23,0.014,1644903,687238
384,2019,94,4,20,0.014,1407124,647289
385,2019,95,4,9,0.007,1249674,517063
386,2020,01,4,3,0.005,657856,325431
387,2020,02,4,7,0.013,529374,267555
388,2020,03,4,3,0.009,335628,209251
389,2020,04,4,8,0.048,165451,130500
390,2020,05,4,1,0.007,140605,138751
391,2020,06,4,20,0.018,1097410,783398
392,2020,07,4,4,0.012,329325,207922
393,2020,08,4,6,0.022,269701,143402
394,2020,09,4,4,0.026,153954,110875
395,2020,10,4,2,0.006,311435,166928
396,2020,11,4,1,0.003,375217,266877
397,2020,12,4,3,0.011,279554,183702
398,2020,13,4,42,0.021,2048070,1055315
399,2020,14,4,6,0.009,697547,426069
400,2020,15,4,0,0.000,144379,102234
401,2020,16,4,5,0.014,351718,199746
402,2020,17,4,8,0.012,655709,445578
403,2020,18,4,3,0.010,300933,179389
404,2020,19,4,3,0.013,239190,155575
405,2020,21,4,6,0.011,535078,294776
406,2020,22,4,5,0.008,603640,373909
407,2020,23,4,0,0.000,115995,88769
408,2020,24,4,4,0.010,412807,262321
409,2020,25,4,4,0.007,545209,285770
410,2020,26,4,8,0.015,517709,279948
411,2020,27,4,10,0.017,599668,299419
412,2020,28,4,5,0.012,431443,218433
413,2020,29,4,6,0.007,917179,552465
414,2020,2A,4,3,0.019,160814,123650
415,2020,2B,4,5,0.027,182887,135125
416,2020,30,4,6,0.008,751457,435785
417,2020,31,4,13,0.009,1415757,754396
418,2020,32,4,1,0.005,191819,112134
419,2020,33,4,13,0.008,1636391,900198
420,2020,34,4,15,0.013,1188973,750002
421,2020,35,4,5,0.005,1088855,568308
422,2020,36,4,4,0.018,218707,138959
423,2020,37,4,6,0.010,612119,330454
424,2020,38,4,13,0.010,1277513,665362
425,2020,39,4,0,0.000,258798,151009
426,2020,40,4,7,0.017,418122,265930
427,2020,41,4,0,0.000,329357,185591
428,2020,42,4,13,0.017,768508,403254
429,2020,43,4,1,0.004,227489,144442
430,2020,44,4,10,0.007,1445171,776207
431,2020,45,4,7,0.010,682304,351028
432,2020,46,4,0,0.000,174670,120123
433,2020,47,4,7,0.021,330844,188120
434,2020,48,4,0,0.000,76633,61734
435,2020,49,4,6,0.007,820713,403157
436,2020,50,4,5,0.010,495093,301071
437,2020,51,4,6,0.011,566659,299421
438,2020,52,4,3,0.017,171798,100520
439,2020,53,4,3,0.010,306538,158874
440,2020,54,4,5,0.007,732590,381849
441,2020,55,4,3,0.016,183001,100007
442,2020,56,4,3,0.004,764161,476941
443,2020,57,4,11,0.010,1049155,527832
444,2020,58,4,4,0.020,202670,141219
445,2020,59,4,31,0.012,2607746,1241241
446,2020,60,4,10,0.012,829699,380003
447,2020,61,4,2,0.007,278475,164988
448,2020,62,4,12,0.008,1462167,724156
449,2020,63,4,5,0.008,661852,394760
450,2020,64,4,9,0.013,687240,417293
451,2020,65,4,2,0.009,229788,164545
452,2020,66,4,14,0.029,482765,359151
453,2020,67,4,8,0.007,1148073,575001
454,2020,68,4,4,0.005,767842,386082
455,2020,69,4,21,0.011,1883437,949531
456,2020,70,4,2,0.009,234601,128855
457,2020,71,4,4,0.007,551063,312880
458,2020,72,4,5,0.009,566993,294778
459,2020,73,4,5,0.011,439750,355575
460,2020,74,4,3,0.004,835206,533337
461,2020,75,4,19,0.009,2145906,1393800
462,2020,76,4,19,0.015,1254739,653680
463,2020,77,4,1,0.001,1428636,634163
464,2020,78,4,9,0.006,1449723,654741
465,2020,79,4,8,0.021,374481,196421
466,2020,80,4,6,0.011,568748,305380
467,2020,81,4,0,0.000,391066,215987
468,2020,82,4,2,0.008,262316,134694
469,2020,83,4,17,0.016,1085189,735547
470,2020,84,4,3,0.005,561941,311098
471,2020,85,4,2,0.003,692705,435953
472,2020,86,4,5,0.011,439332,243821
473,2020,87,4,3,0.008,372123,221779
474,2020,88,4,3,0.008,362397,214812
475,2020,89,4,1,0.003,334156,197870
476,2020,90,4,3,0.021,140120,73384
477,2020,91,4,10,0.008,1306118,577712
478,2020,92,4,12,0.007,1626213,815765
479,2020,93,4,32,0.019,1655422,696152
480,2020,94,4,21,0.015,1407972,654340
481,2020,95,4,14,0.011,1251804,523106
482,2021,01,4,3,0.005,663202,329783
483,2021,02,4,6,0.011,527468,268381
484,2021,03,4,0,0.000,334872,209666
485,2021,04,4,2,0.012,166077,131551
486,2021,05,4,1,0.007,140976,139877
487,2021,06,4,11,0.010,1103941,788916
488,2021,07,4,5,0.015,331415,209963
489,2021,08,4,2,0.007,268859,143973
490,2021,09,4,0,0.000,154596,111352
491,2021,10,4,2,0.006,311329,167657
492,2021,11,4,8,0.021,376028,268987
493,2021,12,4,3,0.011,279649,184954
494,2021,13,4,60,0.029,2056943,1066675
495,2021,14,4,5,0.007,700633,429997
496,2021,15,4,1,0.007,144226,102634
497,2021,16,4,6,0.017,350867,200757
498,2021,17,4,3,0.005,661404,451118
499,2021,18,4,3,0.010,299573,179274
500,2021,19,4,1,0.004,239784,156356
501,2021,21,4,2,0.004,535503,297329
502,2021,22,4,8,0.013,605917,376517
503,2021,23,4,3,0.026,115702,89016
504,2021,24,4,1,0.002,413730,264136
505,2021,25,4,8,0.015,547096,288184
506,2021,26,4,8,0.015,519458,282419
507,2021,27,4,8,0.013,598934,300922
508,2021,28,4,3,0.007,431277,219670
509,2021,29,4,11,0.012,921638,556255
510,2021,2A,4,8,0.049,162942,124954
511,2021,2B,4,6,0.032,184655,136722
512,2021,30,4,13,0.017,756543,441086
513,2021,31,4,13,0.009,1434367,769604
514,2021,32,4,3,0.016,192437,112806
515,2021,33,4,17,0.010,1654970,913452
516,2021,34,4,17,0.014,1201883,760879
517,2021,35,4,10,0.009,1098325,575321
518,2021,36,4,2,0.009,217228,139055
519,2021,37,4,4,0.007,612160,333159
520,2021,38,4,10,0.008,1284948,673024
521,2021,39,4,0,0.000,258555,151865
522,2021,40,4,3,0.007,422976,270194
523,2021,41,4,2,0.006,328504,186408
524,2021,42,4,9,0.012,769029,405452
525,2021,43,4,3,0.013,227284,145236
526,2021,44,4,9,0.006,1457806,787187
527,2021,45,4,7,0.010,684561,353544
528,2021,46,4,1,0.006,174942,120797
529,2021,47,4,5,0.015,331229,189189
530,2021,48,4,0,0.000,76519,62006
531,2021,49,4,7,0.008,824743,406488
532,2021,50,4,4,0.008,495508,302441
533,2021,51,4,11,0.019,565292,300919
534,2021,52,4,2,0.012,171042,100716
535,2021,53,4,3,0.010,305933,159714
536,2021,54,4,6,0.008,732486,384639
537,2021,55,4,1,0.005,181919,100190
538,2021,56,4,8,0.010,768687,481682
539,2021,57,4,15,0.014,1049942,531542
540,2021,58,4,1,0.005,202417,141381
541,2021,59,4,29,0.011,2611293,1251657
542,2021,60,4,5,0.006,828838,382118
543,2021,61,4,4,0.014,276973,165115
544,2021,62,4,12,0.008,1461441,727951
545,2021,63,4,5,0.008,662285,397923
546,2021,64,4,8,0.012,693027,421756
547,2021,65,4,3,0.013,230956,165621
548,2021,66,4,10,0.021,487307,362350
549,2021,67,4,5,0.004,1152662,581630
550,2021,68,4,4,0.005,767083,389445
551,2021,69,4,11,0.006,1893692,964037
552,2021,70,4,3,0.013,234296,129449
553,2021,71,4,2,0.004,549288,314053
554,2021,72,4,7,0.012,566058,296419
555,2021,73,4,5,0.011,442468,358886
556,2021,74,4,4,0.005,841482,540705
557,2021,75,4,22,0.010,2133111,1396753
558,2021,76,4,14,0.011,1255918,657851
559,2021,77,4,20,0.014,1438100,641376
560,2021,78,4,15,0.010,1456365,661312
561,2021,79,4,5,0.013,374587,197430
562,2021,80,4,11,0.019,566252,307149
563,2021,81,4,2,0.005,393572,218036
564,2021,82,4,2,0.008,263377,135891
565,2021,83,4,14,0.013,1095337,743682
566,2021,84,4,11,0.019,564566,314424
567,2021,85,4,8,0.011,699459,441153
568,2021,86,4,7,0.016,439385,245247
569,2021,87,4,6,0.016,371691,222826
570,2021,88,4,2,0.006,360673,215468
571,2021,89,4,5,0.015,333385,198598
572,2021,90,4,2,0.014,139654,73620
573,2021,91,4,18,0.014,1313768,587710
574,2021,92,4,19,0.012,1635291,824372
575,2021,93,4,27,0.016,1668670,705282
576,2021,94,4,20,0.014,1415367,662168
577,2021,95,4,23,0.018,1256607,529926
578,2022,01,4,9,0.013,671289,329783
579,2022,02,4,6,0.011,525558,268381
580,2022,03,4,0,0.000,334715,209666
581,2022,04,4,1,0.006,167179,131551
582,2022,05,4,4,0.028,141677,139877
583,2022,06,4,17,0.015,1114579,788916
584,2022,07,4,5,0.015,333229,209963
585,2022,08,4,4,0.015,267204,143973
586,2022,09,4,4,0.026,155339,111352
587,2022,10,4,5,0.016,311076,167657
588,2022,11,4,4,0.011,377773,268987
589,2022,12,4,2,0.007,279736,184954
590,2022,13,4,82,0.040,2069811,1066675
591,2022,14,4,4,0.006,704605,429997
592,2022,15,4,0,0.000,144399,102634
593,2022,16,4,5,0.014,351603,200757
594,2022,17,4,6,0.009,668160,451118
595,2022,18,4,3,0.010,299496,179274
596,2022,19,4,2,0.008,240120,156356
597,2022,21,4,3,0.006,537577,297329
598,2022,22,4,8,0.013,609598,376517
599,2022,23,4,0,0.000,115529,89016
600,2022,24,4,7,0.017,416325,264136
601,2022,25,4,12,0.022,548662,288184
602,2022,26,4,7,0.013,521432,282419
603,2022,27,4,8,0.013,601305,300922
604,2022,28,4,6,0.014,432950,219670
605,2022,29,4,16,0.017,927912,556255
606,2022,2A,4,5,0.030,166045,124954
607,2022,2B,4,7,0.038,185231,136722
608,2022,30,4,9,0.012,764010,441086
609,2022,31,4,11,0.008,1456261,769604
610,2022,32,4,1,0.005,192649,112806
611,2022,33,4,17,0.010,1674980,913452
612,2022,34,4,22,0.018,1217331,760879
613,2022,35,4,20,0.018,1109232,575321
614,2022,36,4,2,0.009,216809,139055
615,2022,37,4,6,0.010,616326,333159
616,2022,38,4,13,0.010,1291380,673024
617,2022,39,4,2,0.008,258405,151865
618,2022,40,4,5,0.012,428427,270194
619,2022,41,4,5,0.015,328953,186408
620,2022,42,4,7,0.009,772041,405452
621,2022,43,4,0,0.000,228161,145236
622,2022,44,4,23,0.016,1473156,787187
623,2022,45,4,9,0.013,687063,353544
624,2022,46,4,2,0.011,175620,120797
625,2022,47,4,5,0.015,332226,189189
626,2022,48,4,0,0.000,76503,62006
627,2022,49,4,8,0.010,828151,406488
628,2022,50,4,4,0.008,496815,302441
629,2022,51,4,9,0.016,564107,300919
630,2022,52,4,1,0.006,169865,100716
631,2022,53,4,1,0.003,305437,159714
632,2022,54,4,8,0.011,732898,384639
633,2022,55,4,1,0.006,180745,100190
634,2022,56,4,8,0.010,776103,481682
635,2022,57,4,17,0.016,1050721,531542
636,2022,58,4,1,0.005,202299,141381
637,2022,59,4,33,0.013,2616909,1251657
638,2022,60,4,2,0.002,830725,382118
639,2022,61,4,5,0.018,276144,165115
640,2022,62,4,15,0.010,1460184,727951
641,2022,63,4,5,0.008,664385,397923
642,2022,64,4,4,0.006,699473,421756
643,2022,65,4,6,0.026,231453,165621
644,2022,66,4,12,0.024,492964,362350
645,2022,67,4,4,0.003,1156963,581630
646,2022,68,4,10,0.013,767800,389445
647,2022,69,4,22,0.012,1907982,964037
648,2022,70,4,1,0.004,233920,129449
649,2022,71,4,8,0.015,549136,314053
650,2022,72,4,13,0.023,566129,296419
651,2022,73,4,4,0.009,445288,358886
652,2022,74,4,7,0.008,849583,540705
653,2022,75,4,35,0.017,2113705,1396753
654,2022,76,4,12,0.010,1260205,657851
655,2022,77,4,13,0.009,1452399,641376
656,2022,78,4,10,0.007,1470778,661312
657,2022,79,4,3,0.008,375415,197430
658,2022,80,4,10,0.018,565540,307149
659,2022,81,4,3,0.008,396168,218036
660,2022,82,4,1,0.004,264924,135891
661,2022,83,4,10,0.009,1108364,743682
662,2022,84,4,11,0.019,568702,314424
663,2022,85,4,3,0.004,706343,441153
664,2022,86,4,7,0.016,438688,245247
665,2022,87,4,2,0.005,372438,222826
666,2022,88,4,2,0.006,358700,215468
667,2022,89,4,5,0.015,333896,198598
668,2022,90,4,2,0.014,140082,73620
669,2022,91,4,21,0.016,1324546,587710
670,2022,92,4,13,0.008,1647435,824372
671,2022,93,4,19,0.011,1681725,705282
672,2022,94,4,16,0.011,1419531,662168
673,2022,95,4,16,0.013,1270845,529926
674,2023,01,4,3,0.004,671289,329783
675,2023,02,4,8,0.015,525558,268381
676,2023,03,4,3,0.009,334715,209666
677,2023,04,4,2,0.012,167179,131551
678,2023,05,4,0,0.000,141677,139877
679,2023,06,4,19,0.017,1114579,788916
680,2023,07,4,4,0.012,333229,209963
681,2023,08,4,4,0.015,267204,143973
682,2023,09,4,2,0.013,155339,111352
683,2023,10,4,3,0.010,311076,167657
684,2023,11,4,5,0.013,377773,268987
685,2023,12,4,3,0.011,279736,184954
686,2023,13,4,84,0.041,2069811,1066675
687,2023,14,4,8,0.011,704605,429997
688,2023,15,4,1,0.007,144399,102634
689,2023,16,4,2,0.006,351603,200757
690,2023,17,4,3,0.004,668160,451118
691,2023,18,4,2,0.007,299496,179274
692,2023,19,4,5,0.021,240120,156356
693,2023,21,4,5,0.009,537577,297329
694,2023,22,4,9,0.015,609598,376517
695,2023,23,4,1,0.009,115529,89016
696,2023,24,4,4,0.010,416325,264136
697,2023,25,4,8,0.015,548662,288184
698,2023,26,4,10,0.019,521432,282419
699,2023,27,4,8,0.013,601305,300922
700,2023,28,4,10,0.023,432950,219670
701,2023,29,4,10,0.011,927912,556255
702,2023,2A,4,6,0.036,166045,124954
703,2023,2B,4,6,0.032,185231,136722
704,2023,30,4,15,0.020,764010,441086
705,2023,31,4,18,0.012,1456261,769604
706,2023,32,4,2,0.010,192649,112806
707,2023,33,4,14,0.008,1674980,913452
708,2023,34,4,20,0.016,1217331,760879
709,2023,35,4,9,0.008,1109232,575321
710,2023,36,4,2,0.009,216809,139055
711,2023,37,4,8,0.013,616326,333159
712,2023,38,4,15,0.012,1291380,673024
713,2023,39,4,1,0.004,258405,151865
714,2023,40,4,2,0.005,428427,270194
715,2023,41,4,2,0.006,328953,186408
716,2023,42,4,4,0.005,772041,405452
717,2023,43,4,1,0.004,228161,145236
718,2023,44,4,12,0.008,1473156,787187
719,2023,45,4,5,0.007,687063,353544
720,2023,46,4,1,0.006,175620,120797
721,2023,47,4,5,0.015,332226,189189
722,2023,48,4,0,0.000,76503,62006
723,2023,49,4,13,0.016,828151,406488
724,2023,50,4,6,0.012,496815,302441
725,2023,51,4,7,0.012,564107,300919
726,2023,52,4,1,0.006,169865,100716
727,2023,53,4,1,0.003,305437,159714
728,2023,54,4,7,0.010,732898,384639
729,2023,55,4,1,0.006,180745,100190
730,2023,56,4,12,0.015,776103,481682
731,2023,57,4,6,0.006,1050721,531542
732,2023,58,4,1,0.005,202299,141381
733,2023,59,4,39,0.015,2616909,1251657
734,2023,60,4,8,0.010,830725,382118
735,2023,61,4,2,0.007,276144,165115
736,2023,62,4,23,0.016,1460184,727951
737,2023,63,4,7,0.011,664385,397923
738,2023,64,4,10,0.014,699473,421756
739,2023,65,4,3,0.013,231453,165621
740,2023,66,4,6,0.012,492964,362350
741,2023,67,4,8,0.007,1156963,581630
742,2023,68,4,3,0.004,767800,389445
743,2023,69,4,19,0.010,1907982,964037
744,2023,70,4,1,0.004,233920,129449
745,2023,71,4,1,0.002,549136,314053
746,2023,72,4,6,0.011,566129,296419
747,2023,73,4,8,0.018,445288,358886
748,2023,74,4,9,0.011,849583,540705
749,2023,75,4,25,0.012,2113705,1396753
750,2023,76,4,23,0.018,1260205,657851
751,2023,77,4,18,0.012,1452399,641376
752,2023,78,4,16,0.011,1470778,661312
753,2023,79,4,5,0.013,375415,197430
754,2023,80,4,14,0.025,565540,307149
755,2023,81,4,2,0.005,396168,218036
756,2023,82,4,2,0.008,264924,135891
757,2023,83,4,14,0.013,1108364,743682
758,2023,84,4,15,0.026,568702,314424
759,2023,85,4,3,0.004,706343,441153
760,2023,86,4,11,0.025,438688,245247
761,2023,87,4,6,0.016,372438,222826
762,2023,88,4,4,0.011,358700,215468
763,2023,89,4,2,0.006,333896,198598
764,2023,90,4,2,0.014,140082,73620
765,2023,91,4,15,0.011,1324546,587710
766,2023,92,4,15,0.009,1647435,824372
767,2023,93,4,30,0.018,1681725,705282
768,2023,94,4,18,0.013,1419531,662168
769,2023,95,4,19,0.015,1270845,529926
770,2024,01,4,6,0.009,671289,329783
771,2024,02,4,8,0.015,525558,268381
772,2024,03,4,5,0.015,334715,209666
773,2024,04,4,1,0.006,167179,131551
774,2024,05,4,0,0.000,141677,139877
775,2024,06,4,22,0.020,1114579,788916
776,2024,07,4,2,0.006,333229,209963
777,2024,08,4,3,0.011,267204,143973
778,2024,09,4,4,0.026,155339,111352
779,2024,10,4,3,0.010,311076,167657
780,2024,11,4,7,0.019,377773,268987
781,2024,12,4,1,0.004,279736,184954
782,2024,13,4,63,0.030,2069811,1066675
783,2024,14,4,9,0.013,704605,429997
784,2024,15,4,0,0.000,144399,102634
785,2024,16,4,5,0.014,351603,200757
786,2024,17,4,3,0.004,668160,451118
787,2024,18,4,2,0.007,299496,179274
788,2024,19,4,2,0.008,240120,156356
789,2024,21,4,5,0.009,537577,297329
790,2024,22,4,4,0.007,609598,376517
791,2024,23,4,0,0.000,115529,89016
792,2024,24,4,7,0.017,416325,264136
793,2024,25,4,12,0.022,548662,288184
794,2024,26,4,10,0.019,521432,282419
795,2024,27,4,8,0.013,601305,300922
796,2024,28,4,4,0.009,432950,219670
797,2024,29,4,6,0.006,927912,556255
798,2024,2A,4,5,0.030,166045,124954
799,2024,2B,4,13,0.070,185231,136722
800,2024,30,4,7,0.009,764010,441086
801,2024,31,4,15,0.010,1456261,769604
802,2024,32,4,1,0.005,192649,112806
803,2024,33,4,13,0.008,1674980,913452
804,2024,34,4,18,0.015,1217331,760879
805,2024,35,4,10,0.009,1109232,575321
806,2024,36,4,6,0.028,216809,139055
807,2024,37,4,3,0.005,616326,333159
808,2024,38,4,20,0.015,1291380,673024
809,2024,39,4,3,0.012,258405,151865
810,2024,40,4,1,0.002,428427,270194
811,2024,41,4,3,0.009,328953,186408
812,2024,42,4,8,0.010,772041,405452
813,2024,43,4,1,0.004,228161,145236
814,2024,44,4,15,0.010,1473156,787187
815,2024,45,4,6,0.009,687063,353544
816,2024,46,4,3,0.017,175620,120797
817,2024,47,4,5,0.015,332226,189189
818,2024,48,4,1,0.013,76503,62006
819,2024,49,4,9,0.011,828151,406488
820,2024,50,4,6,0.012,496815,302441
821,2024,51,4,7,0.012,564107,300919
822,2024,52,4,5,0.029,169865,100716
823,2024,53,4,2,0.007,305437,159714
824,2024,54,4,6,0.008,732898,384639
825,2024,55,4,2,0.011,180745,100190
826,2024,56,4,6,0.008,776103,481682
827,2024,57,4,11,0.010,1050721,531542
828,2024,58,4,2,0.010,202299,141381
829,2024,59,4,31,0.012,2616909,1251657
830,2024,60,4,8,0.010,830725,382118
831,2024,61,4,2,0.007,276144,165115
832,2024,62,4,10,0.007,1460184,727951
833,2024,63,4,4,0.006,664385,397923
834,2024,64,4,9,0.013,699473,421756
835,2024,65,4,4,0.017,231453,165621
836,2024,66,4,6,0.012,492964,362350
837,2024,67,4,5,0.004,1156963,581630
838,2024,68,4,7,0.009,767800,389445
839,2024,69,4,25,0.013,1907982,964037
840,2024,70,4,2,0.009,233920,129449
841,2024,71,4,3,0.005,549136,314053
842,2024,72,4,9,0.016,566129,296419
843,2024,73,4,2,0.004,445288,358886
844,2024,74,4,30,0.035,849583,540705
845,2024,75,4,32,0.015,2113705,1396753
846,2024,76,4,14,0.011,1260205,657851
847,2024,77,4,17,0.012,1452399,641376
848,2024,78,4,12,0.008,1470778,661312
849,2024,79,4,4,0.011,375415,197430
850,2024,80,4,3,0.005,565540,307149
851,2024,81,4,5,0.013,396168,218036
852,2024,82,4,4,0.015,264924,135891
853,2024,83,4,26,0.023,1108364,743682
854,2024,84,4,8,0.014,568702,314424
855,2024,85,4,11,0.016,706343,441153
856,2024,86,4,7,0.016,438688,245247
857,2024,87,4,4,0.011,372438,222826
858,2024,88,4,6,0.017,358700,215468
859,2024,89,4,1,0.003,333896,198598
860,2024,90,4,1,0.007,140082,73620
861,2024,91,4,23,0.017,1324546,587710
862,2024,92,4,8,0.005,1647435,824372
863,2024,93,4,42,0.025,1681725,705282
864,2024,94,4,9,0.006,1419531,662168
865,2024,95,4,16,0.013,1270845,529926
866,2016,01,5,13,0.020,638425,308491
867,2016,02,5,13,0.024,536136,264180
868,2016,03,5,8,0.024,339384,206980
869,2016,04,5,5,0.031,162565,126760
870,2016,05,5,7,0.050,141107,134647
871,2016,06,5,77,0.071,1083704,761857
872,2016,07,5,6,0.018,325157,201264
873,2016,08,5,20,0.073,275371,142010
874,2016,09,5,1,0.007,153067,108589
875,2016,10,5,9,0.029,308910,163064
876,2016,11,5,8,0.022,368025,258453
877,2016,12,5,3,0.011,278697,179901
878,2016,13,5,132,0.065,2019717,1009576
879,2016,14,5,3,0.004,693679,412038
880,2016,15,5,0,0.000,145969,101070
881,2016,16,5,5,0.014,353288,196145
882,2016,17,5,10,0.016,642191,427696
883,2016,18,5,2,0.007,307110,177873
884,2016,19,5,3,0.012,241535,153380
885,2016,21,5,4,0.008,533213,285326
886,2016,22,5,11,0.018,598953,363788
887,2016,23,5,15,0.126,119502,88330
888,2016,24,5,2,0.005,414789,256942
889,2016,25,5,24,0.045,538549,277578
890,2016,26,5,15,0.030,508006,269062
891,2016,27,5,14,0.023,602825,292969
892,2016,28,5,23,0.053,433929,213849
893,2016,29,5,14,0.015,908249,537671
894,2016,2A,5,8,0.052,154303,116432
895,2016,2B,5,14,0.079,176152,129422
896,2016,30,5,19,0.026,742006,419029
897,2016,31,5,54,0.040,1348183,703754
898,2016,32,5,2,0.010,190664,109392
899,2016,33,5,33,0.021,1566679,843050
900,2016,34,5,46,0.041,1132481,707572
901,2016,35,5,14,0.013,1051779,538258
902,2016,36,5,1,0.004,223505,138229
903,2016,37,5,10,0.016,606223,318933
904,2016,38,5,32,0.026,1252912,639743
905,2016,39,5,5,0.019,260517,148337
906,2016,40,5,4,0.010,405010,252298
907,2016,41,5,5,0.015,332769,182821
908,2016,42,5,22,0.029,761997,394202
909,2016,43,5,2,0.009,227339,142111
910,2016,44,5,32,0.023,1380852,729714
911,2016,45,5,14,0.021,674330,341549
912,2016,46,5,1,0.006,173347,117328
913,2016,47,5,5,0.015,332833,184194
914,2016,48,5,0,0.000,76422,60395
915,2016,49,5,14,0.017,810934,391283
916,2016,50,5,4,0.008,498362,295248
917,2016,51,5,5,0.009,570883,292095
918,2016,52,5,4,0.022,178084,100722
919,2016,53,5,3,0.010,307688,155625
920,2016,54,5,35,0.048,733821,373165
921,2016,55,5,1,0.005,189055,99550
922,2016,56,5,11,0.015,747548,459455
923,2016,57,5,17,0.016,1045271,510597
924,2016,58,5,5,0.024,209161,141593
925,2016,59,5,100,0.038,2603723,1205062
926,2016,60,5,25,0.030,823542,369320
927,2016,61,5,2,0.007,285308,164640
928,2016,62,5,51,0.035,1470725,708207
929,2016,63,5,16,0.025,650700,382695
930,2016,64,5,7,0.010,673986,400053
931,2016,65,5,6,0.026,227829,160809
932,2016,66,5,25,0.053,474369,346847
933,2016,67,5,21,0.019,1121407,546387
934,2016,68,5,28,0.037,762743,373686
935,2016,69,5,60,0.033,1835903,904462
936,2016,70,5,8,0.034,237242,126631
937,2016,71,5,11,0.020,555023,309191
938,2016,72,5,14,0.025,567561,289447
939,2016,73,5,13,0.030,429681,341648
940,2016,74,5,18,0.022,801416,500698
941,2016,75,5,170,0.078,2190327,1374377
942,2016,76,5,22,0.018,1255755,634421
943,2016,77,5,43,0.031,1397665,604627
944,2016,78,5,41,0.029,1431808,629383
945,2016,79,5,9,0.024,374743,192620
946,2016,80,5,15,0.026,572744,297094
947,2016,81,5,2,0.005,386448,209380
948,2016,82,5,1,0.004,256897,130059
949,2016,83,5,41,0.039,1055821,707520
950,2016,84,5,16,0.029,559014,298637
951,2016,85,5,9,0.013,670597,417192
952,2016,86,5,12,0.028,436069,237993
953,2016,87,5,3,0.008,374978,219170
954,2016,88,5,12,0.032,369641,212925
955,2016,89,5,7,0.021,340544,195822
956,2016,90,5,2,0.014,144089,71929
957,2016,91,5,48,0.037,1287330,550895
958,2016,92,5,47,0.029,1603268,789809
959,2016,93,5,94,0.059,1606660,662466
960,2016,94,5,80,0.058,1378151,626297
961,2016,95,5,76,0.062,1221923,497749
962,2017,01,5,12,0.019,643350,313061
963,2017,02,5,9,0.017,534490,265548
964,2017,03,5,4,0.012,337988,207725
965,2017,04,5,1,0.006,163915,127940
966,2017,05,5,3,0.021,141284,135493
967,2017,06,5,57,0.053,1083310,766748
968,2017,07,5,3,0.009,325712,203015
969,2017,08,5,1,0.004,273579,142452
970,2017,09,5,0,0.000,153153,109392
971,2017,10,5,9,0.029,310020,164453
972,2017,11,5,12,0.032,370260,261180
973,2017,12,5,2,0.007,279206,181053
974,2017,13,5,100,0.049,2024162,1021226
975,2017,14,5,12,0.017,694002,416115
976,2017,15,5,1,0.007,145143,101363
977,2017,16,5,6,0.017,352335,197059
978,2017,17,5,6,0.009,644303,431948
979,2017,18,5,9,0.030,304256,178580
980,2017,19,5,1,0.004,241464,154124
981,2017,21,5,9,0.017,533819,287831
982,2017,22,5,11,0.018,598814,366683
983,2017,23,5,0,0.000,118638,88506
984,2017,24,5,8,0.019,413606,258732
985,2017,25,5,48,0.089,539067,279578
986,2017,26,5,43,0.084,511553,272494
987,2017,27,5,8,0.013,601843,295109
988,2017,28,5,27,0.062,433233,215350
989,2017,29,5,18,0.020,909028,542677
990,2017,2A,5,12,0.076,157249,118848
991,2017,2B,5,13,0.073,177689,130820
992,2017,30,5,26,0.035,744178,423840
993,2017,31,5,50,0.037,1362672,715532
994,2017,32,5,7,0.037,191091,110358
995,2017,33,5,43,0.027,1583384,856616
996,2017,34,5,41,0.036,1144892,718743
997,2017,35,5,31,0.029,1060199,546440
998,2017,36,5,7,0.031,222232,138634
999,2017,37,5,8,0.013,606511,321881
1000,2017,38,5,40,0.032,1258722,646707
1001,2017,39,5,2,0.008,260188,149350
